{"Packages":[{"Package":{"Id":"UiPath.UIAutomation.Activities","Version":"19.2.0"},"Assemblies":["C:\\Users\\SINDHU\\.nuget\\packages\\avalonedit/5.0.3\\lib/Net40/ICSharpCode.AvalonEdit.dll","C:\\Users\\SINDHU\\.nuget\\packages\\extended.wpf.toolkit/2.8.0\\lib/net40/Xceed.Wpf.AvalonDock.Themes.Aero.dll","C:\\Users\\SINDHU\\.nuget\\packages\\extended.wpf.toolkit/2.8.0\\lib/net40/Xceed.Wpf.AvalonDock.Themes.Metro.dll","C:\\Users\\SINDHU\\.nuget\\packages\\extended.wpf.toolkit/2.8.0\\lib/net40/Xceed.Wpf.AvalonDock.Themes.VS2010.dll","C:\\Users\\SINDHU\\.nuget\\packages\\extended.wpf.toolkit/2.8.0\\lib/net40/Xceed.Wpf.AvalonDock.dll","C:\\Users\\SINDHU\\.nuget\\packages\\extended.wpf.toolkit/2.8.0\\lib/net40/Xceed.Wpf.DataGrid.dll","C:\\Users\\SINDHU\\.nuget\\packages\\extended.wpf.toolkit/2.8.0\\lib/net40/Xceed.Wpf.Toolkit.dll","C:\\Users\\SINDHU\\.nuget\\packages\\humanizer.core/2.4.2\\lib/netstandard2.0/Humanizer.dll","C:\\Users\\SINDHU\\.nuget\\packages\\uipath/10.0.6957.21531\\lib/UiPath.Interop.dll","C:\\Users\\SINDHU\\.nuget\\packages\\uipath.uiautomation.activities/19.2.0\\lib/net461/ActiproSoftware.Docking.Wpf.dll","C:\\Users\\SINDHU\\.nuget\\packages\\uipath.uiautomation.activities/19.2.0\\lib/net461/ActiproSoftware.Editors.Wpf.dll","C:\\Users\\SINDHU\\.nuget\\packages\\uipath.uiautomation.activities/19.2.0\\lib/net461/ActiproSoftware.Ribbon.Wpf.dll","C:\\Users\\SINDHU\\.nuget\\packages\\uipath.uiautomation.activities/19.2.0\\lib/net461/ActiproSoftware.Shared.Wpf.dll","C:\\Users\\SINDHU\\.nuget\\packages\\uipath.uiautomation.activities/19.2.0\\lib/net461/ActiproSoftware.SyntaxEditor.Addons.DotNet.Wpf.dll","C:\\Users\\SINDHU\\.nuget\\packages\\uipath.uiautomation.activities/19.2.0\\lib/net461/ActiproSoftware.SyntaxEditor.Wpf.dll","C:\\Users\\SINDHU\\.nuget\\packages\\uipath.uiautomation.activities/19.2.0\\lib/net461/ActiproSoftware.Text.Addons.DotNet.Wpf.dll","C:\\Users\\SINDHU\\.nuget\\packages\\uipath.uiautomation.activities/19.2.0\\lib/net461/ActiproSoftware.Text.LLParser.Wpf.dll","C:\\Users\\SINDHU\\.nuget\\packages\\uipath.uiautomation.activities/19.2.0\\lib/net461/ActiproSoftware.Text.Wpf.dll","C:\\Users\\SINDHU\\.nuget\\packages\\uipath.uiautomation.activities/19.2.0\\lib/net461/ActiproSoftware.Wizard.Wpf.dll","C:\\Users\\SINDHU\\.nuget\\packages\\uipath.uiautomation.activities/19.2.0\\lib/net461/UiPath.UIAutomation.Activities.Design.dll","C:\\Users\\SINDHU\\.nuget\\packages\\uipath.uiautomation.activities/19.2.0\\lib/net461/UiPath.UiAutomation.Activities.dll","C:\\Users\\SINDHU\\.nuget\\packages\\uipath.uiautomation.activities/19.2.0\\lib/net461/UiPath.Wizards.dll","C:\\Users\\SINDHU\\.nuget\\packages\\uipath.vision/1.3.0\\lib/net452/UiPath.NeuralNet.dll","C:\\Users\\SINDHU\\.nuget\\packages\\uipath.vision/1.3.0\\lib/net452/UiPath.Vision.Core.dll","C:\\Users\\SINDHU\\.nuget\\packages\\uipath.vision/1.3.0\\lib/net452/UiPath.Vision.dll"]},{"Package":{"Id":"UiPath.System.Activities","Version":"19.2.0"},"Assemblies":["C:\\Users\\SINDHU\\.nuget\\packages\\csvhelper/2.13.5\\lib/net40-client/CsvHelper.dll","C:\\Users\\SINDHU\\.nuget\\packages\\microsoft.rest.clientruntime/2.3.10\\lib/net452/Microsoft.Rest.ClientRuntime.dll","C:\\Users\\SINDHU\\.nuget\\packages\\newtonsoft.json/11.0.2\\lib/net45/Newtonsoft.Json.dll","C:\\Users\\SINDHU\\.nuget\\packages\\uipath.system.activities/19.2.0\\lib/net461/ActiproSoftware.Docking.Wpf.dll","C:\\Users\\SINDHU\\.nuget\\packages\\uipath.system.activities/19.2.0\\lib/net461/ActiproSoftware.Ribbon.Wpf.dll","C:\\Users\\SINDHU\\.nuget\\packages\\uipath.system.activities/19.2.0\\lib/net461/ActiproSoftware.Shared.Wpf.dll","C:\\Users\\SINDHU\\.nuget\\packages\\uipath.system.activities/19.2.0\\lib/net461/ActiproSoftware.SyntaxEditor.Addons.DotNet.Wpf.dll","C:\\Users\\SINDHU\\.nuget\\packages\\uipath.system.activities/19.2.0\\lib/net461/ActiproSoftware.SyntaxEditor.Wpf.dll","C:\\Users\\SINDHU\\.nuget\\packages\\uipath.system.activities/19.2.0\\lib/net461/ActiproSoftware.Text.Addons.DotNet.Wpf.dll","C:\\Users\\SINDHU\\.nuget\\packages\\uipath.system.activities/19.2.0\\lib/net461/ActiproSoftware.Text.LLParser.Wpf.dll","C:\\Users\\SINDHU\\.nuget\\packages\\uipath.system.activities/19.2.0\\lib/net461/ActiproSoftware.Text.Wpf.dll","C:\\Users\\SINDHU\\.nuget\\packages\\uipath.system.activities/19.2.0\\lib/net461/ActiproSoftware.Wizard.Wpf.dll","C:\\Users\\SINDHU\\.nuget\\packages\\uipath.system.activities/19.2.0\\lib/net461/UiPath.OrchestratorClient.dll","C:\\Users\\SINDHU\\.nuget\\packages\\uipath.system.activities/19.2.0\\lib/net461/UiPath.System.Activities.Design.dll","C:\\Users\\SINDHU\\.nuget\\packages\\uipath.system.activities/19.2.0\\lib/net461/UiPath.System.Activities.dll"]},{"Package":{"Id":"UiPath.Excel.Activities","Version":"2.5.2"},"Assemblies":["C:\\Users\\SINDHU\\.nuget\\packages\\closedxml/0.87.1\\lib/net40/ClosedXML.dll","C:\\Users\\SINDHU\\.nuget\\packages\\csvhelper/2.13.5\\lib/net40-client/CsvHelper.dll","C:\\Users\\SINDHU\\.nuget\\packages\\documentformat.openxml/2.5.0\\lib/DocumentFormat.OpenXml.dll","C:\\Users\\SINDHU\\.nuget\\packages\\microsoft.visualstudio.ole.interop/7.10.6071\\lib/Microsoft.VisualStudio.OLE.Interop.dll","C:\\Users\\SINDHU\\.nuget\\packages\\npoi/2.4.1\\lib/net45/NPOI.OOXML.dll","C:\\Users\\SINDHU\\.nuget\\packages\\npoi/2.4.1\\lib/net45/NPOI.OpenXml4Net.dll","C:\\Users\\SINDHU\\.nuget\\packages\\npoi/2.4.1\\lib/net45/NPOI.OpenXmlFormats.dll","C:\\Users\\SINDHU\\.nuget\\packages\\npoi/2.4.1\\lib/net45/NPOI.dll","C:\\Users\\SINDHU\\.nuget\\packages\\sharpziplib/1.0.0\\lib/net45/ICSharpCode.SharpZipLib.dll","C:\\Users\\SINDHU\\.nuget\\packages\\uipath.excel.activities/2.5.2\\lib/net452/UiPath.Excel.Activities.Design.dll","C:\\Users\\SINDHU\\.nuget\\packages\\uipath.excel.activities/2.5.2\\lib/net452/UiPath.Excel.Activities.dll","C:\\Users\\SINDHU\\.nuget\\packages\\uipath.excel.activities/2.5.2\\lib/net452/UiPath.Excel.dll"]},{"Package":{"Id":"UiPath.Mail.Activities","Version":"1.3.0"},"Assemblies":["C:\\Users\\SINDHU\\.nuget\\packages\\bouncycastle/1.8.1\\lib/BouncyCastle.Crypto.dll","C:\\Users\\SINDHU\\.nuget\\packages\\microsoft.exchange.webservices/2.2.0\\lib/40/Microsoft.Exchange.WebServices.Auth.dll","C:\\Users\\SINDHU\\.nuget\\packages\\microsoft.exchange.webservices/2.2.0\\lib/40/Microsoft.Exchange.WebServices.dll","C:\\Users\\SINDHU\\.nuget\\packages\\uipath.mail.activities/1.3.0\\lib/net452/MailKit.dll","C:\\Users\\SINDHU\\.nuget\\packages\\uipath.mail.activities/1.3.0\\lib/net452/MimeKit.dll","C:\\Users\\SINDHU\\.nuget\\packages\\uipath.mail.activities/1.3.0\\lib/net452/UiPath.Mail.Activities.Design.dll","C:\\Users\\SINDHU\\.nuget\\packages\\uipath.mail.activities/1.3.0\\lib/net452/UiPath.Mail.Activities.dll","C:\\Users\\SINDHU\\.nuget\\packages\\uipath.mail.activities/1.3.0\\lib/net452/UiPath.Mail.dll"]},{"Package":{"Id":"VVaidya.TextToSpeechActivities","Version":"1.0.0"},"Assemblies":["C:\\Users\\SINDHU\\.nuget\\packages\\vvaidya.texttospeechactivities/1.0.0\\lib/TextToSpeech.dll"]}],"Conflicts":[],"NewPackages":[{"Id":"VVaidya.TextToSpeechActivities","Version":"1.0.0"}]}